{
  "07f260f4-466c-4607-9a33-f7273b24f1b4": {
    "name": "CATAN-Rise of Inkas",
    "type": "Eurogame",
    "players": "4",
    "_id": "07f260f4-466c-4607-9a33-f7273b24f1b4"
  },
  "bdabf5e9-23be-40a1-9f14-9117b6702a9d": {
    "name": "Exploding Kittens-Original",
    "type": "Cards",
    "players": "5",
    "_id": "bdabf5e9-23be-40a1-9f14-9117b6702a9d"
  },
  "7b3143e1-d6df-4e67-bd7e-5f8b03f2fd3f": {
    "name": "Exit-The Sunken Treasure",
    "type": "Criminal",
    "players": "4",
    "_id": "7b3143e1-d6df-4e67-bd7e-5f8b03f2fd3f"
  }
}
